{
  "_runtime": 9331.933572247,
  "_step": 24409,
  "_timestamp": 1767413171.709808,
  "_wandb": "{'runtime': 9331}",
  "details/current_learning_rate": 0.0001,
  "details/n_training_samples": 99983360,
  "losses/auxiliary_reconstruction_loss": 0.8657829761505127,
  "losses/mse_loss": 124.67271423339844,
  "losses/overall_loss": 125.53849792480467,
  "metrics/explained_variance": 0.9950459599494934,
  "metrics/explained_variance_legacy": 0.7511191964149475,
  "metrics/explained_variance_legacy_std": 0.07802709192037582,
  "metrics/l0": 64,
  "metrics/mean_log10_feature_sparsity": -3.5422258377075195,
  "metrics/topk_threshold": 0.5882566002640486,
  "model_performance_preservation": "{'ce_loss_score': 0.9943137579294512, 'ce_loss_with_ablation': 10.373496055603027, 'ce_loss_with_sae': 2.314743757247925, 'ce_loss_without_sae': 2.268657684326172}",
  "plots/feature_density_line_chart": "{'_type': 'histogram'}",
  "reconstruction_quality": "{'cossim': 0.8215091824531555, 'explained_variance': 0.9938302636146544, 'explained_variance_legacy': 0.7058429718017578, 'mse': 0.017703915014863014}",
  "shrinkage": "{'l2_norm_in': 30.04096794128418, 'l2_norm_out': 26.336328506469727, 'l2_ratio': 0.821291446685791, 'relative_reconstruction_bias': 1.002543330192566}",
  "sparsity": "{'l0': 64, 'l1': 87.8616943359375}",
  "sparsity/below_1e-5": 1431,
  "sparsity/below_1e-6": 159,
  "sparsity/dead_features": 13,
  "sparsity/mean_passes_since_fired": 9.114028930664062,
  "token_stats": "{'total_tokens_eval_reconstruction': 81920, 'total_tokens_eval_sparsity_variance': 81920}",
  "weights/W_dec_norms": "{'_type': 'histogram'}"
}