{
  "_runtime": 9233.856249851,
  "_step": 24409,
  "_timestamp": 1767451336.708896,
  "_wandb": "{'runtime': 9233}",
  "details/current_learning_rate": 0.0001,
  "details/n_training_samples": 99983360,
  "losses/auxiliary_reconstruction_loss": 1.4802669286727903,
  "losses/mse_loss": 108.02708435058594,
  "losses/overall_loss": 109.50735473632812,
  "metrics/explained_variance": 0.9935591220855712,
  "metrics/explained_variance_legacy": 0.8357118368148804,
  "metrics/explained_variance_legacy_std": 0.06250766664743423,
  "metrics/l0": 64,
  "metrics/mean_log10_feature_sparsity": -3.549461841583252,
  "metrics/topk_threshold": 0.5808229024154077,
  "model_performance_preservation": "{'ce_loss_score': 0.9889673953684348, 'ce_loss_with_ablation': 10.373496055603027, 'ce_loss_with_sae': 2.5222134590148926, 'ce_loss_without_sae': 2.434627056121826}",
  "plots/feature_density_line_chart": "{'_type': 'histogram'}",
  "reconstruction_quality": "{'cossim': 0.9014239311218262, 'explained_variance': 0.9925193786621094, 'explained_variance_legacy': 0.8033959269523621, 'mse': 0.01573752611875534}",
  "shrinkage": "{'l2_norm_in': 33.422523498535156, 'l2_norm_out': 30.87446975708008, 'l2_ratio': 0.9018983244895936, 'relative_reconstruction_bias': 1.0005701780319214}",
  "sparsity": "{'l0': 64, 'l1': 101.54859924316406}",
  "sparsity/below_1e-5": 2953,
  "sparsity/below_1e-6": 373,
  "sparsity/dead_features": 30,
  "sparsity/mean_passes_since_fired": 13.128585815429688,
  "token_stats": "{'total_tokens_eval_reconstruction': 81920, 'total_tokens_eval_sparsity_variance': 81920}",
  "weights/W_dec_norms": "{'_type': 'histogram'}"
}